first_name,last_name,email,gender,company,country
Kenneth,Nichols,knichols0@ifeng.com,Male,Vinder,Indonesia
Sharon,Mendoza,smendoza1@dailymotion.com,Female,Plajo,Portugal
Frances,Cruz,fcruz2@altervista.org,Female,Eabox,Spain
Theresa,Rivera,trivera3@discuz.net,Female,Babbleblab,Canada
Margaret,Willis,mwillis4@google.com.au,Female,Plambee,China
Lisa,Burton,lburton5@npr.org,Female,Vinte,Canada
Roy,Cook,rcook6@zimbio.com,Male,Yodel,China
Laura,Porter,lporter7@sphinn.com,Female,Rhyzio,Indonesia
Sara,Garza,sgarza8@ocn.ne.jp,Female,Agimba,Portugal
Frances,Parker,fparker9@imdb.com,Female,Roombo,Thailand
Peter,Matthews,pmatthewsa@gov.uk,Male,Fivechat,Portugal
Gloria,Jenkins,gjenkinsb@elegantthemes.com,Female,Skilith,Portugal
Jeffrey,Ward,jwardc@amazon.co.uk,Male,Eidel,Morocco
Gregory,Gilbert,ggilbertd@google.de,Male,Browsetype,China
Kelly,Stone,kstonee@tumblr.com,Female,Tagfeed,Norway
Benjamin,Banks,bbanksf@ustream.tv,Male,Dynava,Ivory Coast
Gloria,Reed,greedg@naver.com,Female,Tagopia,Japan
Carol,Morris,cmorrish@feedburner.com,Female,Vidoo,Russia
Ruby,Wagner,rwagneri@nhs.uk,Female,Gigazoom,China
Benjamin,Burke,bburkej@loc.gov,Male,Babbleset,United States